{
  "Lambda_obs": 331.6274376902777,
  "p_boot": 0.135,
  "p_chi2": 0.0,
  "chi2_dof_A": 24.929550875043542,
  "chi2_dof_B": 9.773564751137544,
  "gates_pass": 