{
  "Lambda_obs": 2.995943095232718,
  "p_boot": 0.395,
  "n_boot": 200,
  "k_exceed": 79,
  "chi2_dof_A": 2.352488767062645,
  "chi2_dof_B": 1.7379049714070995,
  "gate_A": "HEALTHY",
  "gate_B": "HEALTHY",
  "gates_pass": true,
  "r_shared": 0.7539899274938296,
  "phi_shared": 2.9393468163370113,
  "r_A": 0.6111427043409642,
  "phi_A": 2.9782927814391527,
  "r_B": 1.4211382226010885,
  "phi_B": -2.0522242370351633,
  "fit_mode": "FIXED_SHAPES",
  "identifiable": true,
  "verdict": "NOT_REJECTED",
  "params_con": [
    65.9015775866833,
    0.7539899274938296,
    2.9393468163370113,
    0.16061308756777717,
    0.6115242486457895,
    12.786182807211205,
    -6.600834052615445,
    -47.442981115415336,
    71.37107679442161,
    0.6655563626176161,
    -0.8646292505670923,
    4.588745265983532,
    -2.0907111752535883,
    -26.92348877968609
  ],
  "params_unc": [
    77.27955322814682,
    0.6111427043409642,
    2.9782927814391527,
    0.0,
    -3.141592653589793,
    10.377357345194218,
    -6.303172373443573,
    -23.136640340604888,
    118.7137942032899,
    1.4211382226010885,
    -2.0522242370351633,
    1.03258339912654,
    1.7501014684394272,
    4.182327762813034,
    -11.222867499637351,
    -50.0
  ]
}